{
    "Version": "2012-10-17",
    "Statement": [
        {
            "Sid": "AllowS3ObjectsUnderPdfs",
            "Effect": "Allow",
            "Action": [
                "s3:GetObject",
                "s3:PutObject",
                "s3:DeleteObject",
                "s3:ListBucket"
            ],
            "Resource": [
                "arn:aws:s3:::contractfiles1/pdfs/*"
            ]
        },
        {
            "Sid": "AllowListBucketForPdfsPrefix",
            "Effect": "Allow",
            "Action": [
                "s3:ListBucket"
            ],
            "Resource": [
                "arn:aws:s3:::contractfiles1"
            ],
            "Condition": {
                "StringLike": {
                    "s3:prefix": [
                        "pdfs/*"
                    ]
                }
            }
        },
        {
            "Sid": "AllowCognitoOperations",
            "Effect": "Allow",
            "Action": [
                "cognito-idp:AdminInitiateAuth",
                "cognito-idp:AdminGetUser",
                "cognito-idp:AdminRespondToAuthChallenge",
                "cognito-idp:InitiateAuth",
                "cognito-idp:RespondToAuthChallenge",
                "cognito-idp:GetUser",
                "cognito-idp:SignUp",
                "cognito-idp:ConfirmSignUp",
                "cognito-idp:ForgotPassword",
                "cognito-idp:ConfirmForgotPassword",
                "cognito-idp:UpdateUserPoolClient"
            ],
            "Resource": [
                "arn:aws:cognito-idp:us-east-1:*:userpool/us-east-1_1kLOdae9J"
            ]
        },
        {
            "Sid": "AllowBedrockAndTextract",
            "Effect": "Allow",
            "Action": [
                "bedrock:InvokeModel",
                "bedrock:ListFoundationModels",
                "textract:StartDocumentTextDetection",
                "textract:GetDocumentTextDetection"
            ],
            "Resource": "*"
        },
        {
            "Sid": "AllowServerlessDeployment",
            "Effect": "Allow",
            "Action": [
                "cloudformation:*",
                "lambda:*",
                "apigateway:*",
                "iam:CreateRole",
                "iam:DeleteRole",
                "iam:AttachRolePolicy",
                "iam:DetachRolePolicy",
                "iam:GetRole",
                "iam:PutRolePolicy",
                "iam:DeleteRolePolicy",
                "iam:GetRolePolicy",
                "iam:TagRole",
                "iam:UntagRole",
                "logs:CreateLogGroup",
                "logs:CreateLogStream",
                "logs:PutLogEvents",
                "logs:DescribeLogGroups",
                "logs:DescribeLogStreams",
                "logs:TagResource",
                "logs:UntagResource",
                "events:*"
            ],
            "Resource": "*"
        },
        {
            "Sid": "AllowPassRoleForLambda",
            "Effect": "Allow",
            "Action": [
                "iam:PassRole"
            ],
            "Resource": "*",
            "Condition": {
                "StringEquals": {
                    "iam:PassedToService": "lambda.amazonaws.com"
                }
            }
        },
        {
            "Sid": "AllowSSMOperations",
            "Effect": "Allow",
            "Action": [
                "ssm:GetParameter",
                "ssm:GetParameters",
                "ssm:PutParameter",
                "ssm:DeleteParameter",
                "ssm:GetParametersByPath"
            ],
            "Resource": "*"
        },
        {
            "Sid": "AllowS3BucketOperations",
            "Effect": "Allow",
            "Action": [
                "s3:CreateBucket",
                "s3:DeleteBucket",
                "s3:GetBucketVersioning",
                "s3:PutBucketVersioning",
                "s3:GetBucketLocation",
                "s3:GetBucketPolicy",
                "s3:PutBucketPolicy",
                "s3:DeleteBucketPolicy",
                "s3:GetBucketAcl",
                "s3:PutBucketAcl",
                "s3:ListBucket",
                "s3:ListBucketVersions",
                "s3:GetObject",
                "s3:GetObjectVersion",
                "s3:PutObject",
                "s3:DeleteObject",
                "s3:DeleteObjectVersion"
            ],
            "Resource": [
                "arn:aws:s3:::serverless-framework-deployments-*",
                "arn:aws:s3:::serverless-framework-deployments-*/*",
                "arn:aws:s3:::contractfiles1",
                "arn:aws:s3:::contractfiles1/*"
            ]
        }
    ]
}